timestamp,arxiv_id,decision,note
2026-08-08T06:52:17.858690+00:00,2608.05499v1,READ,
2026-08-08T06:52:17.980068+00:00,2608.05375v1,READ,
2026-08-08T06:52:18.101811+00:00,2608.06362v1,READ,
2026-08-08T06:52:18.257649+00:00,2608.05893v1,SKIM,
2026-08-08T06:52:18.380086+00:00,2608.06144v1,PASS,"don't care about financials, much less benchmarks for them"
2026-08-08T06:52:18.495731+00:00,2608.05266v1,SKIM,interesting but confusing title
2026-08-08T06:52:18.616896+00:00,2608.05987v1,READ,recursive self-distillation is really interesting
2026-08-08T06:52:18.743049+00:00,2608.05144v1,SKIM,
2026-08-08T06:52:18.931677+00:00,2608.06305v1,SKIM,may be a read
2026-08-08T06:52:19.088782+00:00,2608.05359v1,READ,title alone is extremely promising
2026-08-08T06:52:19.266672+00:00,2608.06075v1,PASS,not interested in vision/image editing
2026-08-08T06:52:19.462725+00:00,2608.06110v1,SKIM,could be nice to read how they integrate all of those parts
2026-08-08T06:52:19.582697+00:00,2608.06197v1,SKIM,sounds cool but likely way past what I'd ever attempt
2026-08-08T06:52:19.747094+00:00,2608.05668v1,PASS,not interested in agentic trading
2026-08-08T06:52:19.874535+00:00,2608.06020v1,PASS,don't care about finance really
2026-08-08T06:52:19.994277+00:00,2608.06112v1,READ,
2026-08-08T06:52:20.111513+00:00,2608.05332v1,PASS,not my major focus
2026-08-08T06:52:20.239732+00:00,2608.06161v1,PASS,not interested in vision/image editing
2026-08-08T06:52:20.361777+00:00,2608.05493v1,READ,
2026-08-08T06:52:20.479287+00:00,2608.06294v1,READ,
2026-08-08T06:52:20.597383+00:00,2608.05573v1,SKIM,
2026-08-08T06:52:20.722890+00:00,2608.05792v1,PASS,embodied AI is not an interest of mine
2026-08-08T06:52:20.885237+00:00,2608.06291v1,SKIM,
2026-08-08T06:52:21.000494+00:00,2608.05448v1,SKIM,
2026-08-08T06:52:21.120034+00:00,2608.05303v1,READ,
2026-08-08T06:52:21.264613+00:00,2608.06292v1,READ,
2026-08-08T06:52:21.381808+00:00,2608.06223v1,SKIM,
2026-08-08T06:52:21.498421+00:00,2608.05993v1,READ,
2026-08-08T06:52:21.614506+00:00,2608.05683v1,PASS,not interested in vision
2026-08-08T06:52:21.729952+00:00,2608.06265v1,SKIM,
2026-08-08T06:52:21.847701+00:00,2608.06122v1,READ,
2026-08-08T06:52:21.976221+00:00,2608.05141v1,SKIM,
2026-08-08T06:52:22.090484+00:00,2608.05326v1,SKIM,
2026-08-08T06:52:22.204002+00:00,2608.05642v1,READ,off the title alone
2026-08-08T06:52:22.330722+00:00,2608.05960v1,PASS,not interested in vision evaluation
2026-08-08T06:52:22.449242+00:00,2608.06352v1,SKIM,
2026-08-08T06:52:22.567863+00:00,2608.05823v1,READ,sounds very relevant to previous interest items
2026-08-08T06:52:22.683308+00:00,2608.05510v1,PASS,dialect robustness doesn't interest me
2026-08-08T06:52:22.802730+00:00,2608.06105v1,PASS,sounds interesting but not my thing
2026-08-08T06:52:22.934543+00:00,2608.06108v1,PASS,finance
2026-08-08T06:52:23.050008+00:00,2608.05353v1,SKIM,sounds consequential
2026-08-08T06:52:23.168062+00:00,2608.05948v1,PASS,world models
2026-08-08T06:52:23.329026+00:00,2608.05867v1,SKIM,"ontologies saves this for me; otherwise, hate defense"
2026-08-08T06:52:23.447465+00:00,2608.05817v1,SKIM,evidence-grounded saves this
2026-08-08T06:52:23.566422+00:00,2608.05850v1,PASS,yiddish
2026-08-08T06:52:23.680246+00:00,2608.06167v1,READ,
2026-08-08T06:52:23.794310+00:00,2608.06366v1,READ,
